Round,ADP,Player,,,,,,,,N,,,Players + Rookies (372),Rank
1.01,1.1,Josh Allen,Josh,Allen,BUF,QB,,,,1,,,Josh Allen BUF QB,QB1
1.03,2.6,Patrick Mahomes,Patrick,Mahomes,KC,QB,,,,2,,,Patrick Mahomes KC QB,QB2
1.03,2.9,Justin Herbert,Justin,Herbert,LAC,QB,,,,3,,,Justin Herbert LAC QB,QB3
1.05,4.8,Jonathan Taylor,Jonathan,Taylor,IND,RB,,,,4,,,Jonathan Taylor IND RB,RB1
1.05,5.3,Joe Burrow,Joe,Burrow,CIN,QB,,,,5,,,Joe Burrow CIN QB,QB4
1.07,7.1,Kyler Murray,Kyler,Murray,ARI,QB,,,,6,,,Kyler Murray ARI QB,QB5
1.07,7.2,Ja'Marr Chase,Ja'Marr,Chase,CIN,WR,,,,7,,,Ja'Marr Chase CIN WR,WR1
1.08,7.8,Lamar Jackson,Lamar,Jackson,BAL,QB,,,,8,,,Lamar Jackson BAL QB,QB6
1.08,8.4,Justin Jefferson,Justin,Jefferson,MIN,WR,,,,9,,,Justin Jefferson MIN WR,WR2
1.11,11.3,Najee Harris,Najee,Harris,PIT,RB,,,,10,,,Najee Harris PIT RB,RB2
2.01,12.5,Dak Prescott,Dak,Prescott,DAL,QB,,,,11,,,Dak Prescott DAL QB,QB7
2.01,13.1,Kyle Pitts,Kyle,Pitts,ATL,TE,,,,12,,,Kyle Pitts ATL TE,TE1
2.01,13.2,Deshaun Watson,Deshaun,Watson,CLE,QB,,,,13,,,Deshaun Watson CLE QB,QB8
2.04,16.3,Javonte Williams,Javonte,Williams,DEN,RB,,,,14,,,Javonte Williams DEN RB,RB3
2.06,17.7,D'Andre Swift,D'Andre,Swift,DET,RB,,,,15,,,D'Andre Swift DET RB,RB4
2.06,18.2,CeeDee Lamb,CeeDee,Lamb,DAL,WR,,,,16,,,CeeDee Lamb DAL WR,WR3
2.06,18.3,Trey Lance,Trey,Lance,SF,QB,,,,17,,,Trey Lance SF QB,QB9
2.07,19.3,Cooper Kupp,Cooper,Kupp,LAR,WR,,,,18,,,Cooper Kupp LAR WR,WR4
2.07,19.4,Christian McCaffrey,Christian,McCaffrey,CAR,RB,,,,19,,,Christian McCaffrey CAR RB,RB5
2.09,20.7,Mark Andrews,Mark,Andrews,BAL,TE,,,,20,,,Mark Andrews BAL TE,TE2
2.10,21.9,Russell Wilson,Russell,Wilson,DEN,QB,,,,21,,,Russell Wilson DEN QB,QB10
2.10,22.4,Breece Hall,Breece,Hall,NYJ,RB,,,,22,,,Breece Hall NYJ RB,RB6
2.11,22.7,Jalen Hurts,Jalen,Hurts,PHI,QB,,,,23,,,Jalen Hurts PHI QB,QB11
3.01,24.8,A.J. Brown,A.J.,Brown,PHI,WR,,,,24,,,A.J. Brown PHI WR,WR5
3.02,25.7,Trevor Lawrence,Trevor,Lawrence,JAX,QB,,,,25,,,Trevor Lawrence JAX QB,QB12
3.02,26.3,Austin Ekeler,Austin,Ekeler,LAC,RB,,,,26,,,Austin Ekeler LAC RB,RB7
3.04,27.6,Deebo Samuel,Deebo,Samuel,SF,WR,,,,27,,,Deebo Samuel SF WR,WR6
3.05,29.0,Matthew Stafford,Matthew,Stafford,LAR,QB,,,,28,,,Matthew Stafford LAR QB,QB13
3.05,29.5,Jaylen Waddle,Jaylen,Waddle,MIA,WR,,,,29,,,Jaylen Waddle MIA WR,WR7
3.06,30.3,Joe Mixon,Joe,Mixon,CIN,RB,,,,30,,,Joe Mixon CIN RB,RB8
3.08,31.9,Justin Fields,Justin,Fields,CHI,QB,,,,31,,,Justin Fields CHI QB,QB14
3.09,33.4,Davante Adams,Davante,Adams,LV,WR,,,,32,,,Davante Adams LV WR,WR8
3.09,33.5,DK Metcalf,DK,Metcalf,SEA,WR,,,,33,,,DK Metcalf SEA WR,WR9
3.11,35.1,Tee Higgins,Tee,Higgins,CIN,WR,,,,34,,,Tee Higgins CIN WR,WR10
4.02,37.9,Stefon Diggs,Stefon,Diggs,BUF,WR,,,,35,,,Stefon Diggs BUF WR,WR11
4.03,38.8,Tyreek Hill,Tyreek,Hill,MIA,WR,,,,36,,,Tyreek Hill MIA WR,WR12
4.04,40.1,Dalvin Cook,Dalvin,Cook,MIN,RB,,,,37,,,Dalvin Cook MIN RB,RB9
4.06,42.0,George Kittle,George,Kittle,SF,TE,,,,38,,,George Kittle SF TE,TE3
4.08,44.0,Travis Kelce,Travis,Kelce,KC,TE,,,,39,,,Travis Kelce KC TE,TE4
4.09,44.8,Kenneth Walker,Kenneth,Walker,SEA,RB,,,,40,,,Kenneth Walker SEA RB,RB10
4.10,46.0,Drake London,Drake,London,ATL,WR,,,,41,,,Drake London ATL WR,WR13
4.10,46.1,J.K. Dobbins,J.K.,Dobbins,BAL,RB,,,,42,,,J.K. Dobbins BAL RB,RB11
4.10,46.4,Saquon Barkley,Saquon,Barkley,NYG,RB,,,,43,,,Saquon Barkley NYG RB,RB12
4.11,46.6,Antonio Gibson,Antonio,Gibson,WAS,RB,,,,44,,,Antonio Gibson WAS RB,RB13
4.12,47.8,Derrick Henry,Derrick,Henry,TEN,RB,,,,45,,,Derrick Henry TEN RB,RB14
4.12,47.9,Cam Akers,Cam,Akers,LAR,RB,,,,46,,,Cam Akers LAR RB,RB15
4.12,48.2,Aaron Rodgers,Aaron,Rodgers,GB,QB,,,,47,,,Aaron Rodgers GB QB,QB15
4.12,48.3,DJ Moore,DJ,Moore,CAR,WR,,,,48,,,DJ Moore CAR WR,WR14
5.01,48.7,Diontae Johnson,Diontae,Johnson,PIT,WR,,,,49,,,Diontae Johnson PIT WR,WR15
5.01,49.4,Tua Tagovailoa,Tua,Tagovailoa,MIA,QB,,,,50,,,Tua Tagovailoa MIA QB,QB16
5.02,50.3,Nick Chubb,Nick,Chubb,CLE,RB,,,,51,,,Nick Chubb CLE RB,RB16
5.03,50.5,Alvin Kamara,Alvin,Kamara,NO,RB,,,,52,,,Alvin Kamara NO RB,RB17
5.03,50.7,Mac Jones,Mac,Jones,NE,QB,,,,53,,,Mac Jones NE QB,QB17
5.03,51.0,Travis Etienne,Travis,Etienne,JAX,RB,,,,54,,,Travis Etienne JAX RB,RB18
5.04,52.3,Treylon Burks,Treylon,Burks,TEN,WR,,,,55,,,Treylon Burks TEN WR,WR16
5.04,52.3,Derek Carr,Derek,Carr,LV,QB,,,,56,,,Derek Carr LV QB,QB18
5.05,53.3,Zach Wilson,Zach,Wilson,NYJ,QB,,,,57,,,Zach Wilson NYJ QB,QB19
5.06,53.6,Garrett Wilson,Garrett,Wilson,NYJ,WR,,,,58,,,Garrett Wilson NYJ WR,WR17
5.08,56.0,T.J. Hockenson,T.J.,Hockenson,DET,TE,,,,59,,,T.J. Hockenson DET TE,TE5
5.12,59.9,Michael Pittman,Michael,Pittman,IND,WR,,,,60,,,Michael Pittman IND WR,WR18
6.01,60.7,Chris Godwin,Chris,Godwin,TB,WR,,,,61,,,Chris Godwin TB WR,WR19
6.01,61.1,Terry McLaurin,Terry,McLaurin,WAS,WR,,,,62,,,Terry McLaurin WAS WR,WR20
6.02,61.6,David Montgomery,David,Montgomery,CHI,RB,,,,63,,,David Montgomery CHI RB,RB19
6.02,62.4,Darren Waller,Darren,Waller,LV,TE,,,,64,,,Darren Waller LV TE,TE6
6.07,66.6,Jerry Jeudy,Jerry,Jeudy,DEN,WR,,,,65,,,Jerry Jeudy DEN WR,WR21
6.09,69.1,Kenny Pickett,Kenny,Pickett,PIT,QB,,,,66,,,Kenny Pickett PIT QB,QB20
6.09,69.2,Jameson Williams,Jameson,Williams,DET,WR,,,,67,,,Jameson Williams DET WR,WR22
6.09,69.4,Josh Jacobs,Josh,Jacobs,LV,RB,,,,68,,,Josh Jacobs LV RB,RB20
6.10,69.6,Chris Olave,Chris,Olave,NO,WR,,,,69,,,Chris Olave NO WR,WR23
6.10,70.1,Elijah Moore,Elijah,Moore,NYJ,WR,,,,70,,,Elijah Moore NYJ WR,WR24
6.10,70.3,Kirk Cousins,Kirk,Cousins,MIN,QB,,,,71,,,Kirk Cousins MIN QB,QB21
6.11,70.7,DeVonta Smith,DeVonta,Smith,PHI,WR,,,,72,,,DeVonta Smith PHI WR,WR25
7.02,74.5,Mike Evans,Mike,Evans,TB,WR,,,,73,,,Mike Evans TB WR,WR26
7.03,75.3,Aaron Jones,Aaron,Jones,GB,RB,,,,74,,,Aaron Jones GB RB,RB21
7.05,76.9,Rashod Bateman,Rashod,Bateman,BAL,WR,,,,75,,,Rashod Bateman BAL WR,WR27
7.06,78.5,Elijah Mitchell,Elijah,Mitchell,SF,RB,,,,76,,,Elijah Mitchell SF RB,RB22
7.07,78.7,Leonard Fournette,Leonard,Fournette,TB,RB,,,,77,,,Leonard Fournette TB RB,RB23
7.07,79.2,Ezekiel Elliott,Ezekiel,Elliott,DAL,RB,,,,78,,,Ezekiel Elliott DAL RB,RB24
7.08,79.5,Amon-Ra St.,Amon-Ra,St.,Brown,DET,WR,,,79,,,Amon-Ra St. Brown DET WR,WR28
7.08,79.6,Marquise Brown,Marquise,Brown,ARI,WR,,,,80,,,Marquise Brown ARI WR,WR29
7.08,79.9,Keenan Allen,Keenan,Allen,LAC,WR,,,,81,,,Keenan Allen LAC WR,WR30
7.09,80.5,Skyy Moore,Skyy,Moore,KC,WR,,,,82,,,Skyy Moore KC WR,WR31
7.10,81.6,Amari Cooper,Amari,Cooper,CLE,WR,,,,83,,,Amari Cooper CLE WR,WR32
7.10,81.6,AJ Dillon,AJ,Dillon,GB,RB,,,,84,,,AJ Dillon GB RB,RB25
7.12,83.5,Darnell Mooney,Darnell,Mooney,CHI,WR,,,,85,,,Darnell Mooney CHI WR,WR33
8.01,85.2,Christian Watson,Christian,Watson,GB,WR,,,,86,,,Christian Watson GB WR,WR34
8.02,85.5,Pat Freiermuth,Pat,Freiermuth,PIT,TE,,,,87,,,Pat Freiermuth PIT TE,TE7
8.02,85.9,James Conner,James,Conner,ARI,RB,,,,88,,,James Conner ARI RB,RB26
8.03,87.0,Dallas Goedert,Dallas,Goedert,PHI,TE,,,,89,,,Dallas Goedert PHI TE,TE8
8.04,88.4,Dalton Schultz,Dalton,Schultz,DAL,TE,,,,90,,,Dalton Schultz DAL TE,TE9
8.05,88.7,Tom Brady,Tom,Brady,TB,QB,,,,91,,,Tom Brady TB QB,QB22
8.06,90.0,Brandon Aiyuk,Brandon,Aiyuk,SF,WR,,,,92,,,Brandon Aiyuk SF WR,WR35
8.07,90.6,James Cook,James,Cook,BUF,RB,,,,93,,,James Cook BUF RB,RB27
8.10,93.7,Courtland Sutton,Courtland,Sutton,DEN,WR,,,,94,,,Courtland Sutton DEN WR,WR36
8.10,94.1,Mike Williams,Mike,Williams,LAC,WR,,,,95,,,Mike Williams LAC WR,WR37
9.03,99.1,Clyde Edwards-Helaire,Clyde,Edwards-Helaire,KC,RB,,,,96,,,Clyde Edwards-Helaire KC RB,RB28
9.03,99.2,JuJu Smith-Schuster,JuJu,Smith-Schuster,KC,WR,,,,97,,,JuJu Smith-Schuster KC WR,WR38
9.04,100.1,Ryan Tannehill,Ryan,Tannehill,TEN,QB,,,,98,,,Ryan Tannehill TEN QB,QB23
9.05,100.6,DeAndre Hopkins,DeAndre,Hopkins,ARI,WR,,,,99,,,DeAndre Hopkins ARI WR,WR39
9.05,100.7,George Pickens,George,Pickens,PIT,WR,,,,100,,,George Pickens PIT WR,WR40
9.05,101.4,Michael Thomas,Michael,Thomas,NO,WR,,,,101,,,Michael Thomas NO WR,WR41
9.06,102.4,Dawson Knox,Dawson,Knox,BUF,TE,,,,102,,,Dawson Knox BUF TE,TE10
9.07,102.9,Miles Sanders,Miles,Sanders,PHI,RB,,,,103,,,Miles Sanders PHI RB,RB29
9.08,104.3,Davis Mills,Davis,Mills,HOU,QB,,,,104,,,Davis Mills HOU QB,QB24
9.09,104.9,Gabriel Davis,Gabriel,Davis,BUF,WR,,,,105,,,Gabriel Davis BUF WR,WR42
9.09,104.9,Allen Robinson,Allen,Robinson,LAR,WR,,,,106,,,Allen Robinson LAR WR,WR43
9.10,105.5,Hunter Renfrow,Hunter,Renfrow,LV,WR,,,,107,,,Hunter Renfrow LV WR,WR44
9.10,106.1,Jahan Dotson,Jahan,Dotson,WAS,WR,,,,108,,,Jahan Dotson WAS WR,WR45
9.12,107.8,Damien Harris,Damien,Harris,NE,RB,,,,109,,,Damien Harris NE RB,RB30
10.01,109.0,Chase Claypool,Chase,Claypool,PIT,WR,,,,110,,,Chase Claypool PIT WR,WR46
10.03,110.8,Brandin Cooks,Brandin,Cooks,HOU,WR,,,,111,,,Brandin Cooks HOU WR,WR47
10.03,111.5,Tony Pollard,Tony,Pollard,DAL,RB,,,,112,,,Tony Pollard DAL RB,RB31
10.06,114.3,Kadarius Toney,Kadarius,Toney,NYG,WR,,,,113,,,Kadarius Toney NYG WR,WR48
10.07,115.2,Jameis Winston,Jameis,Winston,NO,QB,,,,114,,,Jameis Winston NO QB,QB25
10.09,117.2,Malik Willis,Malik,Willis,TEN,QB,,,,115,,,Malik Willis TEN QB,QB26
10.09,117.4,Kareem Hunt,Kareem,Hunt,CLE,RB,,,,116,,,Kareem Hunt CLE RB,RB32
10.10,117.8,Rachaad White,Rachaad,White,TB,RB,,,,117,,,Rachaad White TB RB,RB33
10.11,119.2,Dameon Pierce,Dameon,Pierce,HOU,RB,,,,118,,,Dameon Pierce HOU RB,RB34
10.12,120.0,Mike Gesicki,Mike,Gesicki,MIA,TE,,,,119,,,Mike Gesicki MIA TE,TE11
11.01,120.7,Desmond Ridder,Desmond,Ridder,ATL,QB,,,,120,,,Desmond Ridder ATL QB,QB27
11.03,123.3,Cole Kmet,Cole,Kmet,CHI,TE,,,,121,,,Cole Kmet CHI TE,TE12
11.03,123.3,Michael Carter,Michael,Carter,NYJ,RB,,,,122,,,Michael Carter NYJ RB,RB35
11.03,123.3,Noah Fant,Noah,Fant,SEA,TE,,,,123,,,Noah Fant SEA TE,TE13
11.04,123.8,Matt Ryan,Matt,Ryan,IND,QB,,,,124,,,Matt Ryan IND QB,QB28
11.06,125.6,David Bell,David,Bell,CLE,WR,,,,125,,,David Bell CLE WR,WR49
11.06,125.9,Carson Wentz,Carson,Wentz,WAS,QB,,,,126,,,Carson Wentz WAS QB,QB29
11.06,126.1,Christian Kirk,Christian,Kirk,JAX,WR,,,,127,,,Christian Kirk JAX WR,WR50
11.09,128.9,Michael Gallup,Michael,Gallup,DAL,WR,,,,128,,,Michael Gallup DAL WR,WR51
11.09,129.2,Isaiah Spiller,Isaiah,Spiller,LAC,RB,,,,129,,,Isaiah Spiller LAC RB,RB36
11.10,130.3,Daniel Jones,Daniel,Jones,NYG,QB,,,,130,,,Daniel Jones NYG QB,QB30
11.12,131.9,John Metchie,John,Metchie,HOU,WR,,,,131,,,John Metchie HOU WR,WR52
11.12,131.9,Chase Edmonds,Chase,Edmonds,MIA,RB,,,,132,,,Chase Edmonds MIA RB,RB37
11.12,132.2,Trey McBride,Trey,McBride,ARI,TE,,,,133,,,Trey McBride ARI TE,TE14
12.01,132.9,Tyler Lockett,Tyler,Lockett,SEA,WR,,,,134,,,Tyler Lockett SEA WR,WR53
12.01,132.9,Rhamondre Stevenson,Rhamondre,Stevenson,NE,RB,,,,135,,,Rhamondre Stevenson NE RB,RB38
12.01,133.1,Devin Singletary,Devin,Singletary,BUF,RB,,,,136,,,Devin Singletary BUF RB,RB39
12.04,136.2,Alec Pierce,Alec,Pierce,IND,WR,,,,137,,,Alec Pierce IND WR,WR54
12.05,136.7,Zach Ertz,Zach,Ertz,ARI,TE,,,,138,,,Zach Ertz ARI TE,TE15
12.05,136.9,Calvin Ridley,Calvin,Ridley,ATL,WR,,,,139,,,Calvin Ridley ATL WR,WR55
12.06,137.9,Jared Goff,Jared,Goff,DET,QB,,,,140,,,Jared Goff DET QB,QB31
12.06,137.9,Rondale Moore,Rondale,Moore,ARI,WR,,,,141,,,Rondale Moore ARI WR,WR56
12.06,138.0,Tyler Allgeier,Tyler,Allgeier,ATL,RB,,,,142,,,Tyler Allgeier ATL RB,RB40
12.06,138.0,Matt Corral,Matt,Corral,CAR,QB,,,,143,,,Matt Corral CAR QB,QB32
12.07,138.8,Albert Okwuegbunam,Albert,Okwuegbunam,DEN,TE,,,,144,,,Albert Okwuegbunam DEN TE,TE16
12.07,139.2,Rashaad Penny,Rashaad,Penny,SEA,RB,,,,145,,,Rashaad Penny SEA RB,RB41
12.09,141.4,Adam Thielen,Adam,Thielen,MIN,WR,,,,146,,,Adam Thielen MIN WR,WR57
12.10,142.2,James Robinson,James,Robinson,JAX,RB,,,,147,,,James Robinson JAX RB,RB42
12.10,142.3,Wan'Dale Robinson,Wan'Dale,Robinson,NYG,WR,,,,148,,,Wan'Dale Robinson NYG WR,WR58
12.11,143.2,Irv Smith,Irv,Smith,MIN,TE,,,,149,,,Irv Smith MIN TE,TE17
12.12,144.2,Cordarrelle Patterson,Cordarrelle,Patterson,ATL,RB,,,,150,,,Cordarrelle Patterson ATL RB,RB43
13.01,144.9,Alexander Mattison,Alexander,Mattison,MIN,RB,,,,151,,,Alexander Mattison MIN RB,RB44
13.06,149.9,Robert Woods,Robert,Woods,TEN,WR,,,,152,,,Robert Woods TEN WR,WR59
13.06,150.2,Hunter Henry,Hunter,Henry,NE,TE,,,,153,,,Hunter Henry NE TE,TE18
13.09,153.3,Jalen Tolbert,Jalen,Tolbert,DAL,WR,,,,154,,,Jalen Tolbert DAL WR,WR60
13.10,153.8,Zamir White,Zamir,White,LV,RB,,,,155,,,Zamir White LV RB,RB45
13.10,153.9,Ronald Jones,Ronald,Jones,KC,RB,,,,156,,,Ronald Jones KC RB,RB46
13.10,154.0,Baker Mayfield,Baker,Mayfield,CLE,QB,,,,157,,,Baker Mayfield CLE QB,QB33
13.11,154.5,Jakobi Meyers,Jakobi,Meyers,NE,WR,,,,158,,,Jakobi Meyers NE WR,WR61
14.01,156.7,Melvin Gordon,Melvin,Gordon,DEN,RB,,,,159,,,Melvin Gordon DEN RB,RB47
14.02,158.0,Brian Robinson,Brian,Robinson,WAS,RB,,,,160,,,Brian Robinson WAS RB,RB48
14.03,159.1,D.J. Chark,D.J.,Chark,DET,WR,,,,161,,,D.J. Chark DET WR,WR62
14.04,159.8,Russell Gage,Russell,Gage,TB,WR,,,,162,,,Russell Gage TB WR,WR63
14.04,159.9,Marcus Mariota,Marcus,Mariota,ATL,QB,,,,163,,,Marcus Mariota ATL QB,QB34
14.04,160.4,Tyrion Davis-Price,Tyrion,Davis-Price,SF,RB,,,,164,,,Tyrion Davis-Price SF RB,RB49
14.05,161.0,Tyler Boyd,Tyler,Boyd,CIN,WR,,,,165,,,Tyler Boyd CIN WR,WR64
14.10,166.2,Allen Lazard,Allen,Lazard,GB,WR,,,,166,,,Allen Lazard GB WR,WR65
14.11,167.0,Khalil Herbert,Khalil,Herbert,CHI,RB,,,,167,,,Khalil Herbert CHI RB,RB50
14.11,167.5,Kenneth Gainwell,Kenneth,Gainwell,PHI,RB,,,,168,,,Kenneth Gainwell PHI RB,RB51
15.01,168.7,David Njoku,David,Njoku,CLE,TE,,,,169,,,David Njoku CLE TE,TE19
15.01,168.7,Darrell Henderson,Darrell,Henderson,LAR,RB,,,,170,,,Darrell Henderson LAR RB,RB52
15.01,168.9,Jelani Woods,Jelani,Woods,IND,TE,,,,171,,,Jelani Woods IND TE,TE20
15.02,169.9,Chuba Hubbard,Chuba,Hubbard,CAR,RB,,,,172,,,Chuba Hubbard CAR RB,RB53
15.03,170.8,Sam Howell,Sam,Howell,WAS,QB,,,,173,,,Sam Howell WAS QB,QB35
15.03,171.4,Jimmy Garoppolo,Jimmy,Garoppolo,SF,QB,,,,174,,,Jimmy Garoppolo SF QB,QB36
15.04,172.0,Laviska Shenault,Laviska,Shenault,JAX,WR,,,,175,,,Laviska Shenault JAX WR,WR66
15.04,172.2,Kenny Golladay,Kenny,Golladay,NYG,WR,,,,176,,,Kenny Golladay NYG WR,WR67
15.06,173.6,Khalil Shakir,Khalil,Shakir,BUF,WR,,,,177,,,Khalil Shakir BUF WR,WR68
15.06,174.2,Mitchell Trubisky,Mitchell,Trubisky,PIT,QB,,,,178,,,Mitchell Trubisky PIT QB,QB37
15.09,176.8,Keaontay Ingram,Keaontay,Ingram,ARI,RB,,,,179,,,Keaontay Ingram ARI RB,RB54
15.11,179.0,Nico Collins,Nico,Collins,HOU,WR,,,,180,,,Nico Collins HOU WR,WR69
15.11,179.3,Odell Beckham,Odell,Beckham,WR,,,,,181,,,Odell Beckham  WR,WR70
15.12,179.6,Brevin Jordan,Brevin,Jordan,HOU,TE,,,,182,,,Brevin Jordan HOU TE,TE21
16.02,181.7,Donovan Peoples-Jones,Donovan,Peoples-Jones,CLE,WR,,,,183,,,Donovan Peoples-Jones CLE WR,WR71
16.02,181.9,Kyren Williams,Kyren,Williams,LAR,RB,,,,184,,,Kyren Williams LAR RB,RB55
16.04,183.7,,,,,,,,,185,,,K.J. Osborn MIN WR,WR72
16.04,183.8,,,,,,,,,186,,,Drew Lock SEA QB,QB38
16.04,184.2,,,,,,,,,187,,,Tyler Higbee LAR TE,TE22
16.05,185.3,,,,,,,,,188,,,Evan Engram JAX TE,TE23
16.05,185.4,,,,,,,,,189,,,Mecole Hardman KC WR,WR73
16.06,185.9,,,,,,,,,190,,,Joshua Palmer LAC WR,WR74
16.07,186.9,,,,,,,,,191,,,Hassan Haskins TEN RB,RB56
16.08,187.6,,,,,,,,,192,,,Tyquan Thornton NE WR,WR75
16.09,189.0,,,,,,,,,193,,,Nyheim Hines IND RB,RB57
16.11,191.1,,,,,,,,,194,,,Van Jefferson LAR WR,WR76
16.12,192.1,,,,,,,,,195,,,Rob Gronkowski TB TE,TE24
16.12,192.4,,,,,,,,,196,,,Gus Edwards BAL RB,RB58
17.01,193.3,,,,,,,,,197,,,Robert Tonyan GB TE,TE25
17.02,194.2,,,,,,,,,198,,,Tim Patrick DEN WR,WR77
17.03,195.4,,,,,,,,,199,,,Marquez Valdes-Scantling KC WR,WR78
17.04,195.6,,,,,,,,,200,,,Sam Darnold CAR QB,QB39
17.04,195.6,,,,,,,,,201,,,Pierre Strong NE RB,RB59
17.04,196.0,,,,,,,,,202,,,Greg Dulcich DEN TE,TE26
17.04,196.5,,,,,,,,,203,,,Curtis Samuel WAS WR,WR79
17.05,196.7,,,,,,,,,204,,,Marlon Mack HOU RB,RB60
17.05,197.0,,,,,,,,,205,,,Jordan Love GB QB,QB40
17.06,198.4,,,,,,,,,206,,,Tyler Badie BAL RB,RB61
17.07,198.9,,,,,,,,,207,,,Trey Sermon SF RB,RB62
17.07,199.5,,,,,,,,,208,,,DeVante Parker NE WR,WR80
17.08,200.1,,,,,,,,,209,,,Romeo Doubs GB WR,WR81
17.08,200.1,,,,,,,,,210,,,Jarvis Landry  WR,WR82
17.10,202.1,,,,,,,,,211,,,Terrace Marshall CAR WR,WR83
18.04,207.7,,,,,,,,,212,,,Gerald Everett LAC TE,TE27
18.04,208.0,,,,,,,,,213,,,William Fuller  WR,WR84
18.04,208.2,,,,,,,,,214,,,Corey Davis NYJ WR,WR85
18.06,210.3,,,,,,,,,215,,,Velus Jones CHI WR,WR86
18.07,211.2,,,,,,,,,216,,,Logan Thomas WAS TE,TE28
18.08,212.5,,,,,,,,,217,,,Jamaal Williams DET RB,RB63
18.09,213.3,,,,,,,,,218,,,Adam Trautman NO TE,TE29
18.10,214.4,,,,,,,,,219,,,Justyn Ross  WR,WR87
18.11,215.3,,,,,,,,,220,,,Hayden Hurst CIN TE,TE30
18.12,215.8,,,,,,,,,221,,,J.D. McKissic WAS RB,RB64
18.12,216.1,,,,,,,,,222,,,Calvin Austin PIT WR,WR88
19.01,217.0,,,,,,,,,223,,,Raheem Mostert MIA RB,RB65
19.02,218.1,,,,,,,,,224,,,D'Onta Foreman CAR RB,RB66
19.02,218.5,,,,,,,,,225,,,Tyler Huntley BAL QB,QB41
19.06,222.4,,,,,,,,,226,,,Austin Hooper TEN TE,TE31
19.07,223.1,,,,,,,,,227,,,Sony Michel LAR RB,RB67
19.07,223.5,,,,,,,,,228,,,Jamison Crowder BUF WR,WR89
19.08,224.1,,,,,,,,,229,,,Ke'Shawn Vaughn TB RB,RB68
19.11,226.6,,,,,,,,,230,,,Jerome Ford CLE RB,RB69
19.12,227.7,,,,,,,,,231,,,Robby Anderson CAR WR,WR90
20.02,229.6,,,,,,,,,232,,,Kendrick Bourne NE WR,WR91
20.02,230.4,,,,,,,,,233,,,Kyle Trask TB QB,QB42
20.04,231.8,,,,,,,,,234,,,Isaih Pacheco KC RB,RB70
20.04,231.8,,,,,,,,,235,,,D'Ernest Johnson CLE RB,RB71
20.05,232.8,,,,,,,,,236,,,Marquez Callaway NO WR,WR92
20.05,233.3,,,,,,,,,237,,,KJ Hamler DEN WR,WR93
20.05,233.4,,,,,,,,,238,,,Chris Carson SEA RB,RB72
20.06,234.0,,,,,,,,,239,,,Tommy Tremble CAR TE,TE32
20.06,234.0,,,,,,,,,240,,,Ty Chandler MIN RB,RB73
20.07,235.3,,,,,,,,,241,,,Julio Jones  WR,WR94
20.08,236.2,,,,,,,,,242,,,Amari Rodgers GB WR,WR95
20.10,238.1,,,,,,,,,243,,,Cade Otton TB TE,TE33
20.10,238.3,,,,,,,,,244,,,Eno Benjamin ARI RB,RB74
20.11,238.5,,,,,,,,,245,,,Myles Gaskin MIA RB,RB75
20.11,239.3,,,,,,,,,246,,,Gardner Minshew PHI QB,QB43
20.11,239.3,,,,,,,,,247,,,Kyle Philips TEN WR,WR96
21.02,241.8,,,,,,,,,248,,,Cedrick Wilson MIA WR,WR97
21.04,244.1,,,,,,,,,249,,,Bryan Edwards LV WR,WR98
21.06,246.5,,,,,,,,,250,,,Kevin Harris NE RB,RB76
21.09,248.9,,,,,,,,,251,,,C.J. Uzomah NYJ TE,TE34
21.10,249.5,,,,,,,,,252,,,Parris Campbell IND WR,WR99
21.10,250.0,,,,,,,,,253,,,Jeremy Ruckert NYJ TE,TE35
21.12,252.3,,,,,,,,,254,,,Devin Duvernay BAL WR,WR100
22.04,256.2,,,,,,,,,255,,,Chris Evans CIN RB,RB77
22.05,257.4,,,,,,,,,256,,,Kenyan Drake LV RB,RB78
22.06,258.0,,,,,,,,,257,,,Bo Melton SEA WR,WR101
22.07,259.0,,,,,,,,,258,,,Jaret Patterson WAS RB,RB79
22.10,261.5,,,,,,,,,259,,,Teddy Bridgewater MIA QB,QB44
22.10,261.5,,,,,,,,,260,,,Darrel Williams KC RB,RB80
22.11,262.7,,,,,,,,,261,,,Zay Jones JAX WR,WR102
22.11,263.4,,,,,,,,,262,,,Marvin Jones JAX WR,WR103
23.01,265.0,,,,,,,,,263,,,Charlie Kolar BAL TE,TE36
23.01,265.2,,,,,,,,,264,,,Donald Parham LAC TE,TE37
23.01,265.4,,,,,,,,,265,,,Braxton Berrios NYJ WR,WR104
23.02,265.5,,,,,,,,,266,,,Taysom Hill NO QB,QB45
23.02,265.9,,,,,,,,,267,,,Jonnu Smith NE TE,TE38
23.03,266.7,,,,,,,,,268,,,Mo Alie-Cox IND TE,TE39
23.03,266.8,,,,,,,,,269,,,Harrison Bryant CLE TE,TE40
23.03,267.0,,,,,,,,,270,,,Bailey Zappe NE QB,QB46
23.03,267.5,,,,,,,,,271,,,Samaje Perine CIN RB,RB81
23.04,267.8,,,,,,,,,272,,,Isaiah Likely BAL TE,TE41
23.04,268.0,,,,,,,,,273,,,Abram Smith  RB,RB82
23.05,268.5,,,,,,,,,274,,,Olamide Zaccheaus ATL WR,WR105
23.05,269.0,,,,,,,,,275,,,A.J. Green ARI WR,WR106
23.07,270.9,,,,,,,,,276,,,Dyami Brown WAS WR,WR107
23.07,271.1,,,,,,,,,277,,,James Washington DAL WR,WR108
23.08,271.6,,,,,,,,,278,,,Jacoby Brissett CLE QB,QB47
23.08,271.7,,,,,,,,,279,,,Nick Westbrook-Ikhine TEN WR,WR109
23.09,273.1,,,,,,,,,280,,,Sterling Shepard NYG WR,WR110
23.09,273.2,,,,,,,,,281,,,Geno Smith SEA QB,QB48
23.09,273.4,,,,,,,,,282,,,Zack Moss BUF RB,RB83
23.12,275.9,,,,,,,,,283,,,Justin Jackson LAC RB,RB84
23.12,276.2,,,,,,,,,284,,,Anthony Schwartz CLE WR,WR111
23.12,276.4,,,,,,,,,285,,,Foster Moreau LV TE,TE42
24.02,277.8,,,,,,,,,286,,,Sammy Watkins GB WR,WR112
24.03,278.6,,,,,,,,,287,,,Jalen Guyton LAC WR,WR113
24.03,278.6,,,,,,,,,288,,,Carson Strong  QB,QB49
24.03,279.1,,,,,,,,,289,,,Quez Watkins PHI WR,WR114
24.04,279.7,,,,,,,,,290,,,Noah Gray KC TE,TE43
24.04,280.2,,,,,,,,,291,,,Mark Ingram NO RB,RB85
24.04,280.3,,,,,,,,,292,,,Jalen Reagor PHI WR,WR115
24.08,283.9,,,,,,,,,293,,,Kellen Mond MIN QB,QB50
24.08,284.4,,,,,,,,,294,,,Taylor Heinicke WAS QB,QB51
24.09,284.7,,,,,,,,,295,,,Quintez Cephus DET WR,WR116
24.09,285.0,,,,,,,,,296,,,Kennedy Brooks  RB,RB86
24.10,286.4,,,,,,,,,297,,,Kylen Granson IND TE,TE44
24.12,287.8,,,,,,,,,298,,,Jalen Wydermyer  TE,TE45
24.12,288.0,,,,,,,,,299,,,Jauan Jennings SF WR,WR117
25.01,288.6,,,,,,,,,300,,,Erik Ezukanma MIA WR,WR118
25.01,288.8,,,,,,,,,301,,,Tony Jones NO RB,RB87
25.01,288.9,,,,,,,,,302,,,Byron Pringle CHI WR,WR119
25.02,290.1,,,,,,,,,303,,,O.J. Howard BUF TE,TE46
25.03,291.2,,,,,,,,,304,,,Damien Williams ATL RB,RB88
25.03,291.4,,,,,,,,,305,,,Randall Cobb GB WR,WR120
25.03,291.5,,,,,,,,,306,,,Jeff Wilson SF RB,RB89
25.04,291.5,,,,,,,,,307,,,John Bates WAS TE,TE47
25.05,293.1,,,,,,,,,308,,,Isaiah McKenzie BUF WR,WR121
25.07,295.1,,,,,,,,,309,,,Dan Arnold JAX TE,TE48
25.08,295.9,,,,,,,,,310,,,Tylan Wallace BAL WR,WR122
25.09,296.6,,,,,,,,,311,,,Ricky Seals-Jones NYG TE,TE49
25.09,297.4,,,,,,,,,312,,,Derrius Guice  RB,RB90
25.11,299.0,,,,,,,,,313,,,Matt Breida NYG RB,RB91
25.11,299.3,,,,,,,,,314,,,James White NE RB,RB92
25.11,299.4,,,,,,,,,315,,,D'Wayne Eskridge SEA WR,WR123
25.12,299.6,,,,,,,,,316,,,Dontrell Hilliard TEN RB,RB93
25.12,299.7,,,,,,,,,317,,,Jake Ferguson DAL TE,TE50
25.12,299.9,,,,,,,,,318,,,Ihmir Smith-Marsette MIN WR,WR124
26.02,301.7,,,,,,,,,319,,,Cameron Brate TB TE,TE51
26.02,301.7,,,,,,,,,320,,,Tyrod Taylor NYG QB,QB52
26.02,302.4,,,,,,,,,321,,,Tyler Conklin NYJ TE,TE52
26.04,304.5,,,,,,,,,322,,,Boston Scott PHI RB,RB94
26.05,304.7,,,,,,,,,323,,,Antonio Brown  WR,WR125
26.06,305.5,,,,,,,,,324,,,Darius Slayton NYG WR,WR126
26.09,309.1,,,,,,,,,325,,,Mike Davis  RB,RB95
26.09,309.2,,,,,,,,,326,,,Kene Nwangwu MIN RB,RB96
26.10,309.9,,,,,,,,,327,,,Devontae Booker NYG RB,RB97
26.11,311.3,,,,,,,,,328,,,Rex Burkhead HOU RB,RB98
27.02,313.7,,,,,,,,,329,,,Deonte Harris NO WR,WR127
27.02,314.5,,,,,,,,,330,,,Antoine Wesley ARI WR,WR128
27.03,314.7,,,,,,,,,331,,,Zaquandre White  RB,RB99
27.04,315.5,,,,,,,,,332,,,Hunter Long MIA TE,TE53
27.05,317.1,,,,,,,,,333,,,Denzel Mims NYJ WR,WR129
27.06,317.8,,,,,,,,,334,,,Tre' McKitty LAC TE,TE54
27.06,318.1,,,,,,,,,335,,,Auden Tate ATL WR,WR130
27.07,319.3,,,,,,,,,336,,,Jermar Jefferson DET RB,RB100
27.09,321.5,,,,,,,,,337,,,Benny Snell PIT RB,RB101
27.10,321.9,,,,,,,,,338,,,Case Keenum BUF QB,QB53
27.10,322.1,,,,,,,,,339,,,Josh Reynolds DET WR,WR131
27.10,322.4,,,,,,,,,340,,,N'Keal Harry NE WR,WR132
27.11,323.1,,,,,,,,,341,,,Josh Gordon KC WR,WR133
27.11,323.3,,,,,,,,,342,,,Tyler Goodson GB RB,RB102
27.11,323.4,,,,,,,,,343,,,Tutu Atwell LAR WR,WR134
27.12,323.8,,,,,,,,,344,,,Jerrion Ealy  RB,RB103
27.12,323.9,,,,,,,,,345,,,Josiah Deguara GB TE,TE55
28.01,325.0,,,,,,,,,346,,,Max Borghi  RB,RB104
28.01,325.3,,,,,,,,,347,,,Kylin Hill GB RB,RB105
28.02,325.5,,,,,,,,,348,,,Cam Newton  QB,QB54
28.02,326.3,,,,,,,,,349,,,Tre'Quan Smith NO WR,WR135
28.03,326.9,,,,,,,,,350,,,Jerick McKinnon KC RB,RB106
28.04,328.3,,,,,,,,,351,,,D'Vonte Price  RB,RB107
28.05,329.1,,,,,,,,,352,,,Tyler Johnson TB WR,WR136
28.05,329.3,,,,,,,,,353,,,Sam Ehlinger IND QB,QB55
28.06,329.8,,,,,,,,,354,,,Andy Dalton NO QB,QB56
28.06,330.0,,,,,,,,,355,,,Jacob Harris LAR TE,TE56
28.06,330.3,,,,,,,,,356,,,Nelson Agholor NE WR,WR137
28.06,330.3,,,,,,,,,357,,,Zonovan Knight  RB,RB108
28.06,330.5,,,,,,,,,358,,,Brycen Hopkins LAR TE,TE57
28.07,331.2,,,,,,,,,359,,,Laquon Treadwell JAX WR,WR138
28.08,331.9,,,,,,,,,360,,,Cole Beasley  WR,WR139
28.08,331.9,,,,,,,,,361,,,Ashton Dulin IND WR,WR140
28.09,332.7,,,,,,,,,362,,,Jashaun Corbin  RB,RB109
28.09,333.1,,,,,,,,,363,,,Sincere McCormick  RB,RB110
28.12,335.5,,,,,,,,,364,,,Mike Boone DEN RB,RB111
29.02,338.1,,,,,,,,,365,,,Zach Pascal PHI WR,WR141
29.03,339.4,,,,,,,,,366,,,Jaelon Darden TB WR,WR142
29.07,343.1,,,,,,,,,367,,,Kevin Austin JAX WR,WR143
29.08,344.0,,,,,,,,,368,,,Dez Fitzpatrick TEN WR,WR144
29.09,345.1,,,,,,,,,369,,,Dazz Newsome CHI WR,WR145
29.10,345.8,,,,,,,,,370,,,Demetric Felton CLE RB,RB112
29.12,348.0,,,,,,,,,371,,,Duke Johnson BUF RB,RB113
30.02,349.9,,,,,,,,,372,,,Equanimeous St. Brown CHI WR,WR146